2010,2011,2012,2013,2014,2015,2016,2017,2018,2019,2020,2021,2022,2023,2024,2025,Judge
1,1,1,1,1,1,1,1,0,0,0,0,0,0,0,0,Bonnie G. Wittner
1,1,0,0,0,0,0,0,0,0,0,0,0,0,0,0,Thomas A. Breslin
1,1,1,1,1,1,0,0,0,0,0,0,0,0,0,0,Sheryl L. Parker
1,1,0,0,0,0,0,0,0,0,0,0,0,0,0,0,Ellen F. Gesmer
1,1,1,1,1,1,1,1,1,1,1,1,1,0,0,0,William M. Harrington
1,1,1,1,0,0,0,0,0,0,0,0,0,0,0,0,William I. Mogulescu
1,1,1,1,1,1,1,1,0,1,0,0,0,0,0,0,Michael A. Gary
1,1,1,1,1,1,1,1,1,1,0,0,0,0,0,0,Carol Stokinger
1,1,1,1,0,0,0,0,0,0,0,0,0,0,0,0,Hope S. Zimmerman
1,1,1,1,1,1,1,0,0,0,0,0,0,0,0,0,Stephen W. Herrick
1,0,0,0,0,0,0,0,0,0,0,0,0,0,0,0,Eugene E. Peckham
1,1,1,1,1,1,1,0,0,0,0,0,0,0,0,0,Alan D. Marrus
1,1,1,1,1,1,1,1,1,1,1,1,1,1,1,1,Judith S. Lieb
1,1,1,1,1,1,1,1,1,1,1,1,1,1,1,1,Thomas P. Brown
1,1,1,1,1,1,0,0,0,0,0,0,0,0,0,0,Martin E. Smith
1,1,1,1,0,0,0,0,0,0,0,0,0,0,0,0,Michael L. Nenno
1,1,1,1,1,1,1,1,1,1,0,0,0,0,0,0,Gerard E. Maney
1,1,1,1,1,1,1,1,1,1,1,1,1,1,1,1,Danny K. Chun
1,1,1,1,0,0,0,0,0,0,0,0,0,0,0,0,Larry S. Schachner
1,1,1,1,1,1,1,1,0,0,0,0,0,0,0,0,Eugene Oliver Jr
1,1,1,1,1,1,1,1,1,0,0,0,0,0,0,0,Arlene D. Goldberg
1,1,1,1,1,1,1,1,1,1,1,1,1,1,1,0,Douglas E. Hoffman
1,1,1,1,1,1,1,1,0,0,0,0,0,0,0,0,Neil Jon Firetog
1,1,1,1,1,1,1,1,0,0,0,0,0,0,0,0,Charles H. Solomon
1,1,1,1,1,1,1,0,0,0,0,0,0,0,0,0,Steven L. Barrett
1,1,1,1,1,1,1,1,1,1,0,0,0,0,0,0,Robert M. Stolz
1,1,1,0,0,0,0,0,0,0,0,0,0,0,0,0,Charles S. Lopresto
1,0,0,0,0,0,0,0,0,0,0,0,0,0,0,0,Robert G. Seewald
1,1,1,0,0,0,0,0,0,0,0,0,0,0,0,0,Joseph K. McKay
1,1,1,1,1,1,1,1,1,1,1,1,1,1,1,1,Thomas G. Leone
1,1,1,1,1,1,1,0,0,0,0,0,0,0,0,0,William L. McGuire Jr
1,1,1,1,1,1,1,1,1,1,1,0,0,0,0,0,Suzanne J. Melendez
1,1,1,1,1,1,1,1,1,1,1,0,0,0,0,0,Ethan Greenberg
1,1,1,1,1,1,1,1,1,1,0,0,0,0,0,0,Salvatore J. Modica
1,1,1,1,0,0,0,0,0,0,0,0,0,0,0,0,John T. Ward
1,1,1,1,1,1,1,1,1,1,1,1,0,0,0,0,Mark H. Fandrich
1,1,1,1,1,1,1,1,1,0,0,0,0,0,0,0,Jeffrey A. Spinner
1,1,1,1,1,1,1,1,1,1,1,1,1,1,1,1,Ralph A. Fabrizio
1,1,1,1,1,1,1,0,0,0,0,0,0,0,0,0,Peter Paul Sweeney
1,1,1,1,1,1,1,0,0,0,0,0,0,0,0,0,James T. Hayden
1,1,1,1,0,0,0,0,0,0,0,0,0,0,0,0,Peter C. Buckley
1,1,1,1,1,1,1,1,1,1,0,0,0,0,0,0,Ruth Pickholz
1,1,1,0,0,0,0,0,0,0,0,0,0,0,0,0,W. Howard Sullivan
1,1,1,1,1,1,1,0,0,0,0,0,0,0,0,0,Patrick R. McGill
1,1,1,1,0,0,0,0,0,0,0,0,0,0,0,0,Patricia A. Williams
1,1,0,0,0,0,0,0,0,0,0,0,0,0,0,0,Mary E. Fitzmaurice
1,1,1,1,1,1,1,1,1,1,1,1,1,1,1,1,Stephen W. Cass
1,1,1,0,0,0,0,0,0,0,0,0,0,0,0,0,Stephen J. Bogacz
1,1,1,1,1,0,0,0,0,0,0,0,0,0,0,0,Monica Drinane
1,0,0,0,0,0,0,0,0,0,0,0,0,0,0,0,Jeffrey S. Sunshine
1,1,1,1,1,1,1,1,1,1,1,1,1,1,0,0,Jonathan D. Nichols
1,0,1,0,0,0,0,0,0,0,0,0,0,0,0,0,Julianne S. Eisman
1,1,1,1,1,1,1,1,1,1,1,1,0,1,1,1,Catherine M. DiDomenico
1,1,1,0,0,0,0,0,0,0,0,0,0,0,0,0,Carol Berkman
1,1,1,1,1,0,0,0,0,0,0,0,0,0,0,0,Peter P. Charnetsky
1,0,0,0,0,0,0,0,0,0,0,0,0,0,0,0,Paul Czajka
1,1,1,1,1,1,1,1,0,0,0,0,0,0,0,0,Joan M. Kenney
1,1,0,0,0,0,0,0,0,0,0,0,0,0,0,0,Johnny Lee Baynes
1,1,1,1,1,1,1,1,0,0,0,0,0,0,0,0,Philip S. Straniere
1,1,1,1,1,1,1,1,1,1,1,1,0,0,0,0,Mary Rita Connerton
1,1,1,1,1,1,1,0,0,0,0,0,0,0,0,0,Stanley B. Green
1,1,1,1,1,1,1,1,1,1,1,1,1,1,1,1,Julie A. Campbell
1,1,1,1,1,1,1,0,0,0,0,0,0,0,0,0,William F. Ames
1,0,0,0,0,0,0,0,0,0,0,0,0,0,0,0,Gerald V. Hayes
1,1,1,1,1,1,0,0,0,0,0,0,0,0,0,0,Joseph J. Dawson
1,1,1,0,0,0,0,0,0,0,0,0,0,0,0,0,Manuel J. Mendez
1,1,1,1,1,1,1,1,1,1,1,1,1,0,0,0,Barbara Jaffe
1,1,1,1,1,0,0,0,0,0,0,0,0,0,0,0,David M. Brockway
1,1,1,1,1,1,1,1,1,1,1,1,1,1,1,1,Sheila A. DiTullio
1,1,1,1,1,1,1,1,1,1,1,1,1,0,0,0,Timothy J. Lawliss
1,1,1,1,1,1,1,0,0,0,0,0,0,0,0,0,Michael D. Stallman
1,1,0,0,0,0,0,0,0,0,0,0,0,0,0,0,Timothy J. Dufficy
1,1,1,1,1,1,1,0,0,0,0,0,0,0,0,0,Kevin K. Ryan
1,1,1,1,1,1,1,1,1,1,1,1,1,1,1,1,Meryl J. Berkowitz
1,1,1,1,1,1,1,1,1,1,0,0,0,0,0,0,Barbara I. Panepinto
1,0,0,0,0,0,0,0,0,0,0,0,0,0,0,0,Matthew F. Cooper
1,1,1,1,1,1,1,1,1,0,0,0,0,0,0,0,Patricia M. Nunez
1,0,0,0,0,0,0,0,0,0,0,0,0,0,0,0,Daniel R. Palmieri
1,1,1,1,1,1,0,0,0,0,0,0,0,0,0,0,Michael L. D'Amico
1,1,1,1,0,0,0,0,0,0,0,0,0,0,0,0,Peter H. Moulton
1,1,1,1,1,1,1,1,1,0,0,0,0,0,0,0,Norman St George
1,1,1,0,0,0,0,0,0,0,0,0,0,0,0,0,Nelida Malave Gonzalez
1,1,1,1,1,1,1,1,1,1,1,1,1,1,1,0,Richard B. Meyer
1,1,1,0,0,0,0,0,0,0,0,0,0,0,0,0,John P. Walsh
1,1,1,0,0,0,0,0,0,0,0,0,0,0,0,0,William Miller
1,1,1,0,0,0,0,0,0,0,0,0,0,0,0,0,Robert G. Main Jr
1,1,1,1,1,1,1,1,1,1,1,1,0,0,0,0,Polly A. Hoye
1,1,1,1,0,0,0,0,0,0,0,0,0,0,0,0,Valentino T. Sammarco
1,1,1,1,1,0,0,0,0,0,0,0,0,0,0,0,Richard C. Giardino
1,1,1,1,1,1,1,1,1,1,1,0,0,0,0,0,Peter M. Forman
1,1,1,0,1,1,1,1,1,1,0,0,0,0,0,0,David P. Sullivan
1,1,0,0,0,0,0,0,0,0,0,0,0,0,0,0,Deborah A. Kaplan
1,1,1,1,1,1,0,0,0,0,0,0,0,0,0,0,Joel L. Blumenfeld
1,0,0,0,0,0,0,0,0,0,0,0,0,0,0,0,Edgar G. Walker
1,1,1,1,1,1,1,0,0,0,0,0,0,0,0,0,Robert C. Noonan
1,1,1,1,0,0,0,0,0,0,0,0,0,0,0,0,George J. Pulver Jr
1,0,0,0,0,0,0,0,0,0,0,0,0,0,0,0,Robert M. Raciti
1,1,1,1,1,1,1,1,1,1,1,0,0,0,0,0,Barry Kron
1,1,1,1,1,1,1,1,1,0,0,0,0,0,0,0,James D. Pagones
1,1,1,1,1,1,1,1,1,1,1,0,0,0,0,0,Deborah S. Modica
1,1,0,0,0,0,0,0,0,0,0,0,0,0,0,0,Alma Cordova
1,0,0,0,0,0,0,0,0,0,0,0,0,0,0,0,Daniel K. Lalor
1,1,1,1,1,1,1,1,1,0,0,0,0,0,0,0,Joan S. Posner
1,1,1,1,1,1,1,1,0,0,0,0,0,0,0,0,Larry R. Stephen
1,1,1,1,1,1,1,1,1,1,0,0,0,0,0,0,S. Peter Feldstein
1,1,1,1,1,1,1,1,1,1,1,1,1,1,1,0,Laura A. Ward
1,1,1,1,1,0,0,0,0,0,0,0,0,0,0,0,Steven M. Jaeger
1,1,1,1,1,1,1,1,1,1,0,0,0,0,0,0,Kim H. Martusewicz
1,1,1,1,1,0,0,0,0,0,0,0,0,0,0,0,Richard V. Hunt
1,1,1,0,0,0,0,0,0,0,0,0,0,0,0,0,Michael Ambrosio
1,1,0,0,0,0,0,0,0,0,0,0,0,0,0,0,Paula J. Hepner
1,1,0,0,0,0,0,0,0,0,0,0,0,0,0,0,Charles C. Merrell
1,1,1,1,1,1,1,1,1,1,0,0,0,0,0,0,Robert B. Wiggins
1,1,1,1,1,1,1,1,1,1,0,0,0,0,0,0,Dennis S. Cohen
1,0,0,0,0,0,0,0,0,0,0,0,0,0,0,0,Andrew A. Crecca
1,1,1,0,0,0,0,0,0,0,0,0,0,0,0,0,Fernando Tapia
1,1,1,1,1,1,1,1,1,1,1,0,0,0,0,0,Peter A. Schwerzmann
1,1,1,1,1,1,1,1,1,1,1,1,1,1,1,1,Joseph Farneti
1,1,1,0,0,0,0,0,0,0,0,0,0,0,0,0,Gary J. Weber
1,1,1,1,1,1,0,0,0,0,0,0,0,0,0,0,Dennis K. McDermott
1,1,1,1,1,1,1,0,0,0,0,0,0,0,0,0,Doris M. Gonzalez
1,1,1,0,0,0,0,0,0,0,0,0,0,0,0,0,Frank P. Geraci Jr
1,1,1,1,1,1,1,1,1,1,0,0,0,0,0,0,John L. DeMarco
1,0,0,0,0,0,0,0,0,0,0,0,0,0,0,0,Patricia D. Marks
1,1,1,1,1,1,1,1,1,1,1,1,1,1,1,1,Tandra L. Dawson
1,0,0,0,0,0,0,0,0,0,0,0,0,0,0,0,Richard A. Keenan
1,1,1,1,1,1,1,1,1,1,1,1,1,1,1,1,Miriam Cyrulnik
1,1,1,1,1,1,1,1,1,1,1,1,1,1,0,0,Felix J. Catena
1,1,1,1,1,1,1,0,0,0,0,0,0,0,0,0,Edward J. McLaughlin
1,1,1,0,0,0,0,0,0,0,0,0,0,0,0,0,Saliann Scarpulla
1,1,1,1,1,1,1,0,0,0,0,0,0,0,0,0,Ralph T. Gazzillo
1,1,1,1,1,0,0,0,0,0,0,0,0,0,0,0,Leonard P. Rienzi
1,1,1,1,1,1,1,1,1,1,0,0,0,0,0,0,Ann E. O'Shea
1,1,1,1,1,1,1,0,0,0,0,0,0,0,0,0,Barry M. Donalty
1,1,1,1,1,1,1,1,1,1,1,1,1,1,1,0,Michael L. Dwyer
1,1,1,1,1,1,0,0,0,0,0,0,0,0,0,0,Joseph E. Fahey
1,1,1,1,1,1,1,1,0,0,0,0,0,0,0,0,Geoffrey D. Wright
1,1,1,1,1,1,1,0,0,0,0,0,0,0,0,0,Anthony F. Aloi
1,1,1,1,1,1,1,1,1,1,1,1,1,1,0,0,Dandrea L. Ruhlmann
1,1,1,0,0,0,0,0,0,0,0,0,0,0,0,0,Gail Donofrio
1,1,0,0,0,0,0,0,0,0,0,0,0,0,0,0,William D. Walsh
1,1,1,1,1,1,1,1,1,0,0,0,0,0,0,0,William F. Kocher
1,1,1,1,1,0,0,0,0,0,0,0,0,0,0,0,Edmund A. Calvaruso
1,1,1,1,1,1,1,1,1,1,1,1,1,0,0,0,Alexander Calabrese
1,1,1,1,1,1,1,1,1,1,1,1,0,0,0,0,Ruth E. Shillingford
1,1,1,1,1,1,1,1,1,1,1,1,1,0,0,0,Joseph E. Gubbay
1,1,1,1,1,1,0,0,0,0,0,0,0,0,0,0,Craig J. Doran
1,1,1,1,1,1,0,0,0,0,0,0,0,0,0,0,Jeffrey G. Berry
1,1,1,1,1,1,1,1,1,1,1,1,0,0,0,0,John B. Latella
1,1,1,1,1,1,1,1,1,1,1,1,1,0,0,0,Guy P. Tomlinson
1,1,1,1,1,1,1,1,1,1,1,0,0,0,0,0,Robert H. Freehill
1,1,1,1,1,1,0,0,0,0,0,0,0,0,0,0,James P. McCormack
1,1,1,0,0,0,0,0,0,0,0,0,0,0,0,0,Sara S. Farkas
1,1,1,1,1,1,1,1,0,0,0,0,0,0,0,0,Nicholas DeRosa
1,1,1,1,1,1,1,1,1,1,1,1,1,1,1,1,Joseph G. Nesser
1,1,1,1,1,1,1,1,1,1,1,1,1,0,0,0,Denis J. Boyle
1,1,1,1,1,1,1,1,1,0,0,0,0,0,0,0,Joan S. Kohout
1,1,1,1,1,1,1,1,0,0,0,0,0,0,0,0,James P. Punch
1,1,1,1,1,1,1,1,1,1,1,1,1,1,1,1,Alvin M. Yearwood
1,1,1,1,1,1,1,0,0,0,0,0,0,0,0,0,Walter W. Hafner Jr
1,1,1,1,1,1,1,1,0,0,0,0,0,0,0,0,Seth L. Marvin
1,1,1,1,1,1,1,1,1,1,1,0,0,0,0,0,Brian D. Burns
1,1,1,1,1,0,0,0,0,0,0,0,0,0,0,0,Kathy J. King
1,1,1,1,1,1,1,1,1,1,1,1,0,0,0,0,Eileen A. Rakower
1,1,1,1,1,1,1,1,1,1,1,0,0,0,0,0,James T. Rooney
1,1,1,1,1,0,0,0,1,1,1,1,1,1,1,1,Tammy S. Robbins
1,1,1,1,1,1,1,1,1,1,1,1,1,0,1,1,Frederick G. Reed
1,1,1,1,1,1,1,1,0,0,0,0,0,0,0,0,James F. Reitz
1,1,1,1,1,1,1,0,0,0,0,0,0,0,0,0,Dorothy Chin Brandt
1,1,1,1,1,1,1,1,1,1,1,1,1,0,0,0,Thomas A. Farber
1,1,1,1,1,1,1,0,0,0,0,0,0,0,0,0,Victor J. Alfieri Jr
1,0,0,0,0,0,0,0,0,0,0,0,0,0,0,0,John J. Rivoli
1,1,1,0,0,0,0,0,0,0,0,0,0,0,0,0,John L. Kase
1,1,1,1,1,1,1,0,0,0,0,0,0,0,0,0,Charles A. Apotheker
1,1,1,1,1,1,1,1,1,1,0,0,0,0,0,0,Robert A. Onofry
1,1,1,1,1,1,1,0,0,0,0,0,0,0,0,0,Patricia E. Gallaher
1,1,1,0,0,0,0,0,0,0,0,0,0,0,0,0,John J. Elliott
1,1,1,1,1,1,1,1,1,1,1,1,1,1,1,1,James C. Hudson
1,1,1,1,1,1,1,1,1,0,0,0,0,0,0,0,John M. Czygier Jr
1,1,1,1,1,0,0,0,0,0,0,0,0,0,0,0,Anna Culley
1,1,1,1,1,0,0,0,0,0,0,0,0,0,0,0,Renee A. White
1,1,0,0,0,0,0,0,0,0,0,0,0,0,0,0,Rachel Amy Adams
1,1,1,1,1,0,0,0,0,0,0,0,0,0,0,0,William K. Nelson
1,1,1,1,1,0,0,0,0,0,0,0,0,0,0,0,Jerry J. Scarano
1,1,1,1,1,1,1,1,1,1,1,1,1,1,1,1,Randal B. Caldwell
1,0,0,0,0,0,0,0,0,0,0,0,0,0,0,0,Daniel P. Fitz Gerald
1,1,1,1,1,0,0,0,0,0,0,0,0,0,0,0,Karen A. Drago
1,1,1,0,0,0,0,1,1,1,0,0,0,0,0,0,Ruben A. Martino
1,0,0,0,0,0,0,0,0,0,0,0,0,0,0,0,Jeffrey K. Oing
1,1,0,0,0,0,0,0,0,0,0,0,0,0,0,0,Christian F. Hummel
1,1,1,0,0,0,0,0,0,0,0,0,0,0,0,0,Shlomo S. Hagler
1,1,1,1,1,1,1,0,0,0,0,0,0,0,0,0,James P. Griffin
1,0,0,0,0,0,0,0,0,0,0,0,0,0,0,0,Marylin G. Diamond
1,1,1,1,0,0,0,0,0,0,0,0,0,0,0,0,Joseph C. Calabrese
1,1,1,1,1,1,1,1,1,1,0,0,0,0,0,0,Laura E. Drager
1,1,1,1,1,1,1,1,1,1,1,1,1,0,0,0,George RBartlett Iii
1,1,1,1,1,1,0,0,0,0,0,0,0,0,0,0,Debra Silber
1,1,1,0,0,0,0,0,0,0,0,0,0,0,0,0,George J. Silver
1,1,0,0,0,0,0,0,0,0,0,0,0,0,0,0,J. Cameron Argetsinger
1,1,1,1,1,1,1,1,1,0,0,0,0,0,0,0,Dennis F. Bender
1,1,1,1,1,1,1,1,1,0,0,0,0,0,0,0,Harold A. Adler
1,1,0,0,0,0,0,0,0,0,0,0,0,0,0,0,Analisa Torres
1,1,0,0,0,0,0,0,0,0,0,0,0,0,0,0,Saralee Evans
1,1,0,0,0,0,0,0,0,0,0,0,0,0,0,0,Jane S. Solomon
1,1,1,1,1,1,1,1,0,0,0,0,0,0,0,0,Joan E. Shkane
1,1,1,1,1,1,1,0,0,0,0,0,0,0,0,0,Thomas E. Walsh II
1,0,0,0,0,0,0,0,0,0,0,0,0,0,0,0,Joseph A. Grosso
1,1,1,1,1,1,1,1,1,1,1,0,0,0,0,0,Martha Walsh Hood
1,1,1,1,1,1,1,1,1,1,1,0,0,0,0,0,Michael L. Hanuszczak
1,1,1,1,1,1,1,1,1,1,0,0,0,0,0,0,Christopher G. Quinn
1,1,1,1,0,0,0,0,0,0,0,0,0,0,0,0,David J. Ayres
1,1,1,0,0,0,0,0,0,0,0,0,0,0,0,0,Kibbie F. Payne
1,1,1,1,1,1,0,0,0,0,0,0,0,0,0,0,Noach Dear
1,1,1,1,0,0,0,0,0,0,0,0,0,0,0,0,Desmond A. Green
1,1,0,0,0,0,0,0,0,0,0,0,0,0,0,0,Pam B. Jackman Brown
1,1,0,0,0,0,0,0,0,0,0,0,0,0,0,0,Bryan R. Hedges
1,1,0,0,0,0,0,0,0,0,0,0,0,0,0,0,Joseph A. Zayas
1,1,1,1,1,0,0,0,0,0,0,0,0,0,0,0,Kathleen M. Rogers
1,1,1,1,1,1,1,1,1,1,0,0,0,0,0,0,Jerome J. Richards
1,0,0,0,0,0,0,0,0,0,0,0,0,0,0,0,Cynthia S. Kern
1,1,1,1,1,1,0,0,0,0,0,0,0,0,0,0,David R. Freundlich
1,1,1,1,1,1,0,0,0,0,0,0,0,0,0,0,Debra J. Kiedaisch
1,1,1,1,1,1,0,0,0,0,0,0,0,0,0,0,Raymond L. Bruce
1,1,1,1,1,1,1,1,0,0,0,0,0,0,0,0,Michael R. Sonberg
1,1,1,1,1,1,1,1,0,0,0,0,0,0,0,0,Jerald S. Carter
1,1,1,1,1,1,1,1,1,1,1,1,1,0,0,0,Neil E. Ross
1,1,1,1,1,1,1,0,0,0,0,0,0,0,0,0,Richard M. Weinberg
1,1,1,1,1,1,1,1,0,0,0,0,0,0,0,0,Marianne Furfure
1,1,1,1,1,1,1,1,1,0,0,0,0,0,0,0,Peter C. Bradstreet
1,1,1,1,1,1,1,1,1,1,1,1,1,0,0,0,Lori Currier Woods
1,1,1,1,0,0,0,0,0,0,0,0,0,0,0,0,John M. Galasso
1,1,1,1,1,1,1,1,1,1,1,0,0,0,0,0,Mary Kim Dollard
1,1,1,1,1,1,1,1,0,0,0,0,0,0,0,0,Joseph W. Latham
1,0,1,1,1,0,0,0,0,0,0,0,0,0,0,0,Wavny Toussaint
1,1,1,0,0,0,0,0,0,0,0,0,0,0,0,0,James F. X. Doyle
1,1,1,1,1,0,0,0,0,0,0,0,0,0,0,0,Andrew P. Bivona
1,1,1,1,0,0,0,0,0,0,0,0,0,0,0,0,M. John Sherman
1,1,1,1,1,1,1,1,1,1,1,1,0,0,0,0,Lenora Gerald
1,1,1,1,1,1,0,1,1,1,1,1,1,1,1,0,John C. Rowley
1,1,1,1,1,1,1,1,1,1,1,0,0,0,0,0,John S. Hall Jr
1,1,1,0,0,0,0,0,0,0,0,0,0,0,0,0,Julia I. Rodriguez
1,1,1,1,1,1,1,1,1,1,1,1,1,1,1,1,Carol S. Klein
1,1,1,1,1,1,1,1,1,1,1,1,0,0,0,0,Helene D. Sacco
1,1,1,1,1,1,1,1,1,1,1,1,1,1,1,1,Kelly S. McKeighan
1,1,1,1,1,1,1,1,1,1,1,1,0,0,0,0,Marcy S. Friedman
1,1,1,1,0,0,0,0,0,0,0,0,0,0,0,0,Stanley L. Pritzker
1,1,1,1,1,1,1,1,1,1,0,0,0,0,0,0,Martin P. Murphy
1,1,1,0,0,1,1,1,1,1,1,1,0,0,0,0,Catherine Cholakis
1,1,1,1,1,1,1,0,0,0,0,0,0,0,0,0,Dennis M. Kehoe
1,1,1,1,1,1,1,0,0,0,0,0,0,0,0,0,Mary M. Work
1,1,1,1,1,1,1,1,1,1,1,1,1,1,0,0,Daniel G. Barrett
1,1,1,1,1,1,1,1,1,0,0,0,0,0,0,0,Alan J. Meyer
1,1,1,1,1,1,1,0,0,0,0,0,0,0,0,0,Jo Ann Ferdinand
1,1,1,1,0,0,0,0,0,0,0,0,0,0,0,0,Megan Tallmer
1,1,1,1,0,0,0,0,0,0,0,0,0,0,0,0,Kenneth P. Sherman
1,1,1,1,1,1,1,1,1,1,1,1,1,0,0,0,John B. Nesbitt
1,1,0,0,0,0,0,0,0,0,0,0,0,0,0,0,Robert M. DiBella
1,1,1,1,1,1,0,0,0,0,0,0,0,0,0,0,William P. Warren
1,1,1,1,1,1,0,0,0,0,0,0,0,0,0,0,Joel M. Goldberg
1,1,1,1,1,1,1,1,1,1,1,1,1,0,0,0,Melissa C. Jackson
1,1,1,1,1,1,0,0,0,0,0,0,0,0,0,0,Anthony A. Scarpino Jr
1,0,0,0,0,0,0,0,0,0,0,0,0,0,0,0,Patrick A. Sweeney
1,1,1,1,0,0,0,0,0,0,0,0,0,0,0,0,Roger S. Hayes
1,1,1,1,1,0,0,0,0,0,0,0,0,0,0,0,Pauline A. Mullings
1,1,1,1,1,1,1,0,0,0,0,0,0,0,0,0,Joseph J. Esposito
1,1,1,1,1,1,1,1,0,0,0,0,0,0,0,0,John W. Carter
1,1,0,0,0,0,0,0,0,0,0,0,0,0,0,0,Allen G. Alpert
1,1,1,1,1,1,1,1,1,0,0,0,0,0,0,0,A. Kirke Bartley
1,1,1,1,0,0,0,0,0,0,0,0,0,0,0,0,John Kelly
1,1,0,0,0,0,0,0,0,0,0,0,0,0,0,0,George R. Peck
1,1,1,1,1,1,1,1,1,1,0,0,0,0,0,0,Douglas S. Wong
1,1,1,1,1,1,1,1,0,0,0,0,0,0,0,0,Barbara G. Zambelli
1,1,1,1,1,1,0,0,0,0,0,0,0,0,0,0,Richard D. Carruthers
1,1,0,0,0,0,0,0,0,0,0,0,0,0,0,0,Robert C. McGann
1,1,1,1,1,0,0,0,0,0,0,0,0,0,0,0,James W. Hubert Jr
1,1,1,1,1,1,1,1,1,1,1,1,1,1,1,1,Susan M. Capeci
1,1,1,1,1,1,1,1,1,1,1,1,0,0,0,0,William E. Garnett
1,0,0,0,0,0,0,0,0,0,0,0,0,0,0,0,Linda J. Christopher
1,1,1,1,1,1,1,1,1,1,1,1,1,1,0,0,Susan Cacace Dibbini
1,1,1,1,1,1,1,0,0,0,0,0,0,0,0,0,Courtenay W. Hall
1,1,1,1,1,1,1,1,1,0,0,0,0,0,0,0,Suzanne M. Mondo
1,1,1,0,0,0,0,0,0,0,0,0,0,0,0,0,Gerald E. Loehr
1,1,1,1,1,1,1,1,1,1,1,1,0,0,0,0,Loren Baily Schiffman
1,1,1,1,1,1,1,0,0,0,0,0,0,0,0,0,Mark L. Powers
1,1,1,1,1,1,1,1,1,0,0,0,0,0,0,0,Nicholas Iacovetta
1,1,1,1,1,1,0,0,0,0,0,0,0,0,0,0,Bruce Allen
1,1,1,1,1,1,1,0,0,0,0,0,0,0,0,0,Patricia E. Henry
1,1,1,1,1,1,1,1,0,0,0,0,0,0,0,0,John S. Moore
1,1,1,1,0,0,0,0,0,0,0,0,0,0,0,0,Debra A. James
1,1,1,1,1,1,1,1,1,1,1,1,1,1,0,0,Diane R. Kiesel
1,1,0,0,0,0,0,0,0,0,0,0,0,0,0,0,Barbara R. Potter
1,1,1,1,0,0,0,0,0,0,0,0,0,0,0,0,Mark H. Dadd
1,1,1,1,1,1,1,1,0,0,0,0,0,0,0,0,Ellen M. Coin
1,1,1,1,1,1,0,0,0,0,0,0,0,0,0,0,Michael A. Gross
1,1,1,1,1,1,1,1,1,1,1,1,1,0,0,0,Mark M. Meddaugh
1,1,1,1,1,1,1,1,1,1,0,0,0,0,0,0,Michael F. Griffith
1,1,1,1,1,1,1,1,1,1,1,1,1,1,1,1,Miriam R. Best
1,1,1,1,1,1,1,1,1,0,0,0,0,0,0,0,Kathie E. Davidson
1,1,1,1,1,1,0,1,1,1,1,1,1,0,0,0,Martha L. Luft
1,1,1,1,0,0,0,0,0,0,0,0,0,0,0,0,Betty J. Williams
1,1,1,1,0,0,0,0,0,0,0,0,0,0,0,0,David L. Klein
1,0,0,0,0,0,0,0,0,0,0,0,0,0,0,0,Diane A. Lebedeff
1,1,1,1,0,0,0,0,0,0,0,0,0,0,0,0,Anil C. Singh
1,1,1,0,0,0,0,0,0,0,0,0,0,0,0,0,Nilda Morales Horowitz
1,1,0,0,0,0,0,0,0,0,0,0,0,0,0,0,Sarah L. Krauss
1,0,0,0,0,0,0,0,0,0,0,0,0,0,0,0,Sandra B. Edlitz
1,1,1,1,1,1,0,0,0,0,0,0,0,0,0,0,Peter J. Benitez
1,1,1,1,1,1,1,0,0,0,0,0,0,0,0,0,W. Patrick Falvey
1,1,1,0,0,0,0,0,0,0,0,0,0,0,0,0,Barry M. Kamins
1,1,0,1,1,1,1,1,0,0,0,0,0,0,0,0,Edwina G. Richardson Mendelson
1,1,1,1,1,1,1,1,1,1,1,1,0,0,0,0,Efrain L. Alvarado
1,1,1,1,1,1,1,1,1,0,0,0,0,0,0,0,Michael J. Obus
0,1,0,0,0,0,0,0,0,0,0,0,0,0,0,0,Merik R. Aaron
0,1,1,1,1,1,0,0,0,0,0,0,0,0,0,0,Marlene L. Budd
0,1,1,1,1,1,1,1,1,1,1,1,1,1,1,1,James F. Quinn
0,1,1,1,1,0,0,0,0,0,0,0,0,0,0,0,Stephen M. Behar
0,1,1,1,1,1,1,1,1,1,1,1,1,1,1,1,Abraham L. Clott
0,1,1,1,1,1,0,0,0,0,0,0,0,0,0,0,Carl F. Becker
0,1,1,1,1,1,1,1,0,0,0,0,0,0,0,0,Thomas P. Franczyk
0,1,1,1,1,1,1,1,0,0,1,0,0,0,0,0,Eric R. Adams
0,1,0,0,0,0,0,0,0,0,0,0,0,0,0,0,Patrick L. Kirk
0,1,1,1,1,1,1,1,0,0,0,0,0,0,0,0,John B. Gallagher Jr
0,1,1,1,1,1,0,0,0,0,0,0,0,0,0,0,James J. Piampiano
0,1,1,1,1,1,1,1,1,0,0,0,0,0,0,0,Victoria M. Argento
0,1,1,1,1,1,1,1,1,1,1,0,0,0,0,0,Vincent M. Dinolfo
0,1,1,1,1,1,0,0,0,0,0,0,0,0,0,0,Mitchell J. Danziger
0,1,1,1,1,1,1,1,1,0,0,0,0,0,0,0,Benjamin R. Barbato
0,1,1,1,1,1,0,0,0,0,0,0,0,0,0,0,Lizbeth Gonzalez
0,1,1,1,1,1,1,1,1,1,1,1,1,1,0,0,Robin S. Garson
0,1,1,1,0,0,0,0,0,0,0,0,0,0,0,0,Bernard J. Graham
0,1,1,1,1,1,0,0,0,0,0,0,0,0,0,0,Genine D. Edwards
0,1,1,1,1,1,1,1,1,0,0,0,0,0,0,0,Lisa S. Ottley
0,1,1,1,1,1,0,0,0,0,0,0,0,0,0,0,Arthur F. Engoron
0,1,1,1,1,1,0,0,0,0,0,0,0,0,0,0,Tanya R. Kennedy
0,1,1,1,1,0,0,0,0,0,0,0,0,0,0,0,Kathryn E. Freed
0,1,1,1,1,1,1,1,1,0,0,0,0,0,0,0,Maureen A. Healy
0,1,1,0,0,0,0,0,0,0,0,0,0,0,0,0,Leslie J. Purificacion
0,1,1,1,1,1,1,1,1,1,1,1,0,0,0,0,Matthew J. Murphy III
0,1,1,1,1,1,1,1,1,1,1,1,1,1,0,0,Elisa S. Koenderman
0,1,1,1,1,1,1,1,1,1,1,1,1,0,0,0,James M. Burke
0,1,1,1,1,1,1,1,0,0,0,0,0,0,0,0,Anthony J. Ferrara
0,1,1,1,1,1,1,1,1,0,1,1,0,0,0,0,Gene R. Lopez
0,1,1,1,1,1,1,1,1,1,1,1,0,0,0,0,James R. Griffith
0,1,1,1,1,1,1,1,1,1,1,1,1,0,0,0,Michele P. Bailey
0,1,1,1,1,1,1,1,1,1,1,1,1,0,0,0,Martha E. Mulroy
0,1,1,0,0,0,0,0,0,0,0,0,0,0,0,0,John F. Lambert
0,1,1,1,0,1,1,0,0,0,0,0,0,0,0,0,Janet C. Malone
0,0,1,1,1,0,0,0,0,0,0,0,0,0,0,0,Angelo A. Delligatti
0,0,1,1,1,1,1,0,0,0,0,0,0,0,0,0,Edmund M. Dane
0,0,1,1,1,1,1,1,1,1,1,1,1,0,0,0,Stacy D. Fleisher Bennett
0,0,1,1,1,1,0,0,0,0,0,0,0,0,0,0,Edward WMccarty Iii
0,0,1,1,1,1,1,1,1,0,0,0,0,0,0,0,Margaret T. Walsh
0,0,1,1,0,0,0,0,0,0,0,0,0,0,0,0,W. Dennis Duggan
0,0,1,1,1,1,1,1,1,1,1,1,0,0,0,0,George A. Grasso
0,0,1,0,0,0,0,0,0,0,0,0,0,0,0,0,Levant MHimelein Iii
0,0,1,1,1,1,1,1,1,1,1,1,1,0,0,0,Jeanette Ruiz
0,0,1,1,1,1,1,1,1,0,0,0,0,0,0,0,Edward F. Skoda
0,0,1,0,0,0,0,0,0,0,0,0,0,0,0,0,Edwina G. Richardson Mendelson
0,0,1,1,1,1,1,1,1,1,1,1,0,0,0,0,Philip V. Cortese
0,0,1,1,1,1,1,0,0,0,0,0,0,0,0,0,Shawn Dya L. Simpson
0,0,1,1,1,1,1,1,1,1,1,0,0,0,0,0,Carolyn E. Wade
0,0,1,1,1,1,1,1,1,0,0,0,0,0,0,0,Ingrid Joseph
0,0,1,1,1,1,1,1,1,1,1,1,0,0,0,0,Margaret A. Chan
0,0,1,1,1,1,0,0,0,0,0,0,0,0,0,0,Arlene P. Bluth
0,0,1,1,1,1,1,1,0,0,0,0,0,0,0,0,Lori S. Sattler
0,0,1,1,1,1,1,0,0,0,0,0,0,0,0,0,William A. Viscovich
0,0,1,1,1,1,1,0,0,0,0,0,0,0,0,0,Cheree A. Buggs
0,0,1,1,1,1,1,1,1,1,0,0,0,0,0,0,Orlando Marrazzo Jr
0,0,1,1,1,1,1,1,1,1,1,1,1,1,1,1,Felicia A. Mennin
0,0,1,1,1,1,0,0,0,0,0,0,0,0,0,0,Alexander B. Jeong
0,0,1,1,1,1,1,1,1,1,1,1,1,1,1,1,Louis P. Gigliotti
0,0,1,1,1,1,1,1,0,0,0,0,0,0,0,0,Ava S. Raphael
0,0,1,0,0,0,0,0,0,0,0,0,0,0,0,0,Robert M. Jacon
0,0,1,1,1,1,1,0,0,0,0,0,0,0,0,0,Andrew G. Ceresia
0,0,1,0,0,0,0,0,0,0,0,0,0,0,0,0,Christine M. Clark
0,0,1,1,1,1,1,1,1,1,1,1,1,1,1,1,Vincent W. Versaci
0,0,1,1,1,1,1,1,1,1,1,1,0,0,0,0,Cecily L. Morris
0,0,1,1,1,1,1,1,1,1,1,1,1,1,1,1,Anthony McGinty
0,0,1,1,1,1,1,1,1,1,1,1,0,0,0,0,Marianne O. Mizel
0,0,1,1,1,1,0,0,0,0,0,0,0,0,0,0,J. Timothy Breen
0,0,1,1,0,0,0,0,0,0,0,0,0,0,0,0,John P. Colangelo
0,0,0,1,1,1,1,1,1,1,1,1,1,1,1,1,Helene F. Gugerty
0,0,0,1,1,1,0,0,0,0,0,0,0,0,0,0,Robert H. Spergel
0,0,0,1,1,1,1,1,1,1,1,1,1,1,1,1,Teresa K. Corrigan
0,0,0,1,1,1,0,0,0,0,0,0,0,0,0,0,Julianne T. Capetola
0,0,0,1,1,1,1,1,1,1,1,1,0,0,0,0,Denise F. Molia
0,0,0,1,1,1,1,1,1,1,1,1,1,1,1,1,Terrence M. Parker
0,0,0,1,1,1,1,1,1,1,1,0,0,0,0,0,Spero Pines
0,0,0,1,1,1,1,1,1,1,1,1,1,1,1,1,Joseph F. Cawley Jr
0,0,0,1,1,1,1,1,1,1,1,1,1,1,1,1,David H. Guy
0,0,0,1,1,1,0,0,0,0,0,0,0,0,0,0,Stephen L. Greller
0,0,0,1,1,1,1,1,1,1,1,1,0,0,0,0,Robert G. Main Jr
0,0,0,1,1,1,1,0,0,0,0,0,0,0,0,0,Charles M. Tailleur
0,0,0,1,1,1,1,1,1,1,1,1,1,1,1,1,Douglas A. Randall
0,0,0,1,0,0,0,0,0,0,0,0,0,0,0,0,Julia I. Rodriguez
0,0,0,1,1,1,1,0,0,0,0,0,0,0,0,0,Andrea Masley
0,0,0,1,0,0,0,0,0,0,0,0,0,0,0,0,Dawn Jimenez Salta
0,0,0,1,1,1,1,1,1,1,1,1,1,1,1,1,Frederick C. Arriaga
0,0,0,1,1,1,1,0,0,0,0,0,0,0,0,0,Kelly A. Oneill Levy
0,0,0,1,1,1,1,1,0,0,0,0,0,0,0,0,Nancy M. Bannon
0,0,0,1,1,1,1,1,1,1,1,0,0,0,0,0,Sara Sheldon
0,0,0,1,1,1,1,1,1,1,1,1,1,1,1,1,Robert M. Mandelbaum
0,0,0,1,1,1,1,1,1,1,1,1,1,1,1,1,John F. Lambert
0,0,0,1,1,1,1,1,1,1,1,0,0,0,0,0,Jennifer Jensen Bergan
0,0,0,1,1,1,1,0,0,0,0,0,0,0,0,0,Frank J. La Buda
0,0,0,1,1,1,1,1,1,1,1,0,0,0,0,0,Michael F. McGuire
0,0,0,1,0,0,0,0,0,0,0,0,0,0,0,0,Nilda Morales Horowitz
0,0,0,1,1,1,1,1,1,0,0,0,0,0,0,0,Barry E. Warhit
0,0,0,0,1,1,1,1,1,1,1,1,1,0,0,0,Tamiko A. Amaker
0,0,0,0,1,1,1,1,1,0,0,0,0,0,0,0,Devin P. Cohen
0,0,0,0,1,1,1,1,1,1,1,1,1,0,0,0,Sherri L. Eisenpress
0,0,0,0,1,1,1,1,1,1,1,1,0,0,0,0,Patricia A. Harrington
0,0,0,0,1,1,1,0,0,0,0,0,0,0,0,0,Richard Hoffmann
0,0,0,0,1,1,1,1,1,1,1,1,1,1,1,1,John Iliou
0,0,0,0,1,1,1,1,1,1,1,1,1,1,0,0,Richard M. Koweek
0,0,0,0,1,1,1,1,1,1,1,1,1,0,0,0,Richard A. Kupferman
0,0,0,0,1,0,0,0,0,0,0,0,0,0,0,0,Evelyn J. Laporte
0,0,0,0,1,1,1,0,0,0,0,0,0,0,0,0,Katherine A. Levine
0,0,0,0,1,1,1,1,1,1,1,1,1,1,0,0,Frank P. Nervo
0,0,0,0,1,1,1,0,0,0,0,0,0,0,0,0,Robert R. Reed
0,0,0,0,1,1,1,1,1,1,1,1,1,1,1,1,Toko Serita
0,0,0,0,1,1,1,0,0,0,0,0,0,0,0,0,Andrew G. Tarantino Jr
0,0,0,0,1,1,1,1,1,1,1,0,0,0,0,0,Charles M. Troia
0,0,0,0,1,1,1,1,1,1,1,1,1,1,1,1,Denise M. Watson
0,0,0,0,1,1,1,1,1,1,1,1,1,1,1,1,Michael J. Yavinsky
0,0,0,0,0,1,1,1,1,1,1,1,1,0,0,0,Francis Ricigliano
0,0,0,0,0,1,1,1,1,1,1,1,1,1,1,0,Terence P. Murphy
0,0,0,0,0,1,1,1,1,1,1,1,1,0,0,0,William J. O'Brien
0,0,0,0,0,1,1,1,1,1,1,1,0,0,0,0,Conrad D. Singer
0,0,0,0,0,1,1,1,1,0,0,0,0,0,0,0,Barbara R. Kahn
0,0,0,0,0,1,1,1,1,1,1,1,1,1,1,1,Caren L. Loguercio
0,0,0,0,0,1,1,1,1,1,1,1,1,0,0,0,John H. Rouse
0,0,0,0,0,1,1,1,1,1,1,0,0,0,0,0,Mario F. Mattei
0,0,0,0,0,1,1,0,0,0,0,0,0,0,0,0,Carol R. Sherman
0,0,0,0,0,1,1,1,1,1,1,0,0,0,0,0,John M. Owens
0,0,0,0,0,1,1,1,1,0,0,0,0,0,0,0,Eddie J. McShan
0,0,0,0,0,1,0,0,0,0,0,0,0,0,0,0,Ruben Franco
0,0,0,0,0,1,1,1,1,0,0,0,0,0,0,0,Elizabeth A. Taylor
0,0,0,0,0,1,1,0,0,0,0,0,0,0,0,0,James E. d'Auguste
0,0,0,0,0,1,1,0,0,0,0,0,0,0,0,0,Reginald A. Boddie
0,0,0,0,0,1,1,1,1,1,0,0,0,0,0,0,Michael Gerstein
0,0,0,0,0,1,0,0,0,0,0,0,0,0,0,0,Pamela L. Fisher
0,0,0,0,0,1,1,1,1,1,1,1,1,0,0,0,Robin K. Sheares
0,0,0,0,0,1,1,1,1,0,0,0,0,1,1,1,Shari R. Michels
0,0,0,0,0,1,1,1,1,1,1,1,0,1,1,0,Gerald Lebovits
0,0,0,0,0,1,1,1,0,0,1,1,1,1,1,1,Leticia M. Ramirez
0,0,0,0,0,1,1,1,1,0,0,0,0,0,0,0,Lynn R. Kotler
0,0,0,0,0,1,1,1,1,1,1,1,0,1,1,1,Michael L. Katz
0,0,0,0,0,1,1,1,1,1,1,0,0,0,0,0,David B. Cohen
0,0,0,0,0,1,1,1,1,1,0,0,0,0,0,0,Jennifer G. Schecter
0,0,0,0,0,1,1,1,0,0,0,0,0,0,0,0,Richard G. Latin
0,0,0,0,0,1,1,1,0,0,0,0,0,0,0,0,Jodi Orlow
0,0,0,0,0,1,1,1,1,1,1,1,1,1,1,0,Matthew A. Sciarrino Jr
0,0,0,0,0,1,1,1,1,1,1,1,1,1,1,1,Stephanie L. Zaro
0,0,0,0,0,1,1,1,0,0,0,0,0,0,0,0,Marc J. Whiten
0,0,0,0,0,1,1,0,0,0,0,0,0,0,0,0,Robert D. Kalish
0,0,0,0,0,1,1,1,1,1,1,1,1,1,1,1,Debra J. Young
0,0,0,0,0,1,1,1,1,1,1,1,1,0,0,0,David S. Zuckerman
0,0,0,0,0,0,1,1,1,1,1,1,1,1,1,1,Robert G. Bogle
0,0,0,0,0,0,1,1,1,1,1,1,1,0,1,1,Kevin A. Burke
0,0,0,0,0,0,1,1,0,0,0,0,0,0,0,0,Anthony Cannataro
0,0,0,0,0,0,1,1,0,0,0,0,0,0,0,0,Joseph E. Capella
0,0,0,0,0,0,1,1,1,0,0,0,0,0,0,0,Bernard C. Cheng
0,0,0,0,0,0,1,1,1,1,1,0,0,0,1,1,Christopher S. Ciaccio
0,0,0,0,0,0,1,1,1,1,1,1,0,0,0,0,Dena E. Douglas
0,0,0,0,0,0,1,0,0,0,0,0,0,0,0,0,Erika M. Edwards
0,0,0,0,0,0,1,1,1,1,1,1,1,1,1,1,Joseph A. Egitto
0,0,0,0,0,0,1,1,1,0,0,0,0,0,0,0,David F. Everett
0,0,0,0,0,0,1,1,1,1,1,0,0,0,0,0,Carol Ruth Feinman
0,0,0,0,0,0,1,1,1,1,1,1,1,1,1,1,Paul A. Goetz
0,0,0,0,0,0,1,1,1,1,1,1,1,1,1,1,Ellen R. Greenberg
0,0,0,0,0,0,1,1,1,1,1,1,0,0,0,0,Gilbert C. Hong
0,0,0,0,0,0,1,1,1,1,1,0,0,0,0,0,Michelle A. Johnson
0,0,0,0,0,0,1,1,1,1,1,1,1,1,1,1,Anne Marie Jolly
0,0,0,0,0,0,1,1,0,0,0,0,0,0,0,0,Ulysses B. Leverett
0,0,0,0,0,0,1,1,1,0,0,0,0,0,0,0,Laurence L. Love
0,0,0,0,0,0,1,0,0,0,0,0,0,1,1,1,Spencer J. Ludington
0,0,0,0,0,0,1,1,1,1,1,1,1,1,1,1,Kevin B. McGrath Jr
0,0,0,0,0,0,1,0,0,0,0,0,0,0,0,0,Donald A. Miles
0,0,0,0,0,0,1,1,1,1,1,1,0,0,0,0,Richard J. Montelione
0,0,0,0,0,0,1,1,1,1,0,0,0,0,0,0,Steven Z. Mostofsky
0,0,0,0,0,0,1,1,1,1,1,1,1,1,1,1,Felice J. Muraca
0,0,0,0,0,0,1,1,0,0,0,0,0,0,0,0,William F. Perry III
0,0,0,0,0,0,1,1,0,0,0,0,0,0,0,0,Michael F. Pietruszka
0,0,0,0,0,0,1,1,1,0,0,0,0,0,0,0,Deborah Poulos
0,0,0,0,0,0,1,1,1,1,1,1,1,1,1,1,Margaret C. Reilly
0,0,0,0,0,0,1,1,1,0,0,0,0,0,0,0,Llinet M. Rosado
0,0,0,0,0,0,1,1,1,1,1,1,1,1,1,1,Howard E. Sturim
0,0,0,0,0,0,1,1,1,0,0,0,0,0,0,0,Harriet L. Thompson
0,0,0,0,0,0,1,1,1,0,0,0,0,0,0,0,Alexander M. Tisch
0,0,0,0,0,0,1,1,1,1,0,0,0,0,0,0,James E. Walsh Jr
0,0,0,0,0,0,1,1,1,1,1,0,0,0,0,0,Theresa Whelan
0,0,0,0,0,0,1,1,1,1,1,1,0,1,1,0,Amanda E. White
0,0,0,0,0,0,0,1,1,1,1,1,1,1,1,1,Robin M. Kent
0,0,0,0,0,0,0,1,0,0,0,0,0,0,0,0,John J. Toomey Jr
0,0,0,0,0,0,0,1,1,1,1,1,1,1,1,1,Stephen M. Antignani
0,0,0,0,0,0,0,1,1,1,1,1,1,1,1,1,Steven Hornstein
0,0,0,0,0,0,0,1,1,0,0,0,0,0,0,0,Julio Rodriguez III
0,0,0,0,0,0,0,1,1,1,1,1,1,1,1,1,Karen I. Lupuloff
0,0,0,0,0,0,0,1,1,1,1,1,1,1,1,1,Richard W. Rich Jr
0,0,0,0,0,0,0,1,1,1,1,1,1,1,1,1,Derek Champagne
0,0,0,0,0,0,0,1,1,1,1,1,0,0,0,0,Paul L. Alpert
0,0,0,0,0,0,0,1,1,1,1,1,0,1,1,1,Linda Poust Lopez
0,0,0,0,0,0,0,1,0,0,0,0,0,0,0,0,Armando Montano Jr
0,0,0,0,0,0,0,1,1,1,1,1,1,1,1,0,Sharen D. Hudson
0,0,0,0,0,0,0,1,0,0,0,0,0,0,0,0,Verna L. Saunders
0,0,0,0,0,0,0,1,1,1,1,0,0,0,0,0,Melissa A. Crane
0,0,0,0,0,0,0,1,1,1,0,0,0,0,0,0,Shawn T. Kelly
0,0,0,0,0,0,0,1,1,1,1,1,1,0,0,0,Lisa A. Sokoloff
0,0,0,0,0,0,0,1,1,1,0,0,0,0,0,0,Donna Marie E. Golia
0,0,0,0,0,0,0,1,1,1,1,1,1,1,0,0,Sally E. Unger
0,0,0,0,0,0,0,1,1,1,1,1,1,1,1,1,John T. Hecht
0,0,0,0,0,0,0,1,1,1,1,1,1,1,1,1,Bruna L. DiBiase
0,0,0,0,0,0,0,1,1,1,1,1,1,1,1,1,Ann Scherzer
0,0,0,0,0,0,0,1,1,1,1,1,1,1,1,1,John F. Zoll
0,0,0,0,0,0,0,1,1,1,1,1,1,0,0,0,Joanne D. Quinones
0,0,0,0,0,0,0,1,1,1,1,1,1,0,0,0,Thomas J. Miller
0,0,0,0,0,0,0,1,1,1,1,1,1,1,1,1,Paul V. Morgan Jr
0,0,0,0,0,0,0,1,1,1,1,1,1,1,0,0,Rolf M. Thorsen
0,0,0,0,0,0,0,1,1,1,1,1,1,1,1,0,James AMurphy Iii
0,0,0,0,0,0,0,1,1,1,1,1,0,0,0,0,Jill S. Polk
0,0,0,0,0,0,0,1,1,1,1,1,1,1,1,1,Matthew J. Sypniewski
0,0,0,0,0,0,0,1,1,1,0,0,0,0,0,0,Dennis J. Morris
0,0,0,0,0,0,0,1,1,1,1,1,0,0,0,0,John F. Richey
0,0,0,0,0,0,0,1,1,1,1,1,1,1,1,1,Joseph R. Cassidy
0,0,0,0,0,0,0,1,1,1,1,1,1,1,1,1,Keri E. Savona
0,0,0,0,0,0,0,1,1,1,1,1,1,1,1,1,Adam D. Michelini
0,0,0,0,0,0,0,0,1,1,1,1,1,1,1,1,Helen M. Blackwood
0,0,0,0,0,0,0,0,1,1,1,1,1,1,1,1,Craig Stephen Brown
0,0,0,0,0,0,0,0,1,1,1,0,0,0,0,0,Theresa M. Ciccotto
0,0,0,0,0,0,0,0,1,1,1,0,0,0,0,0,Ta Tanisha D. James
0,0,0,0,0,0,0,0,1,1,1,1,1,0,0,0,Gerald A. Keene
0,0,0,0,0,0,0,0,1,1,1,1,0,0,0,0,John J. Kelley
0,0,0,0,0,0,0,0,1,1,1,0,0,0,0,0,Mojgan Cohanim Lancman
0,0,0,0,0,0,0,0,1,1,1,1,1,1,1,1,Edward T. McLoughlin
0,0,0,0,0,0,0,0,1,1,1,1,0,0,0,0,Anne E. Minihan
0,0,0,0,0,0,0,0,1,1,1,1,1,1,1,1,Guy H. Mitchell
0,0,0,0,0,0,0,0,1,1,1,1,1,1,0,0,Michael M. Mohun
0,0,0,0,0,0,0,0,1,1,1,1,1,1,1,1,Gia L. Morris
0,0,0,0,0,0,0,0,1,1,1,1,0,0,0,0,Richard D. Northrup Jr
0,0,0,0,0,0,0,0,1,1,0,0,0,0,0,0,Thomas A. Rademaker
0,0,0,0,0,0,0,0,1,1,1,0,0,0,0,0,Carol R. Sharpe
0,0,0,0,0,0,0,0,1,1,1,1,1,1,1,1,Jane C. Tully
0,0,0,0,0,0,0,0,1,1,1,1,1,0,0,0,James A. Vazzana
0,0,0,0,0,0,0,0,1,1,1,1,1,1,1,0,Jacqueline D. Williams
0,0,0,0,0,0,0,0,0,1,0,0,0,0,0,0,Christopher P. Baker
0,0,0,0,0,0,0,0,0,1,1,1,1,1,1,1,Keith M. Bruno
0,0,0,0,0,0,0,0,0,1,1,1,1,1,1,1,Laurence E. Busching
0,0,0,0,0,0,0,0,0,1,1,1,0,0,0,0,Joy F. Campanelli
0,0,0,0,0,0,0,0,0,1,1,1,1,1,1,1,Victoria B. Campbell
0,0,0,0,0,0,0,0,0,1,1,1,1,1,1,1,Toni M. Cimino
0,0,0,0,0,0,0,0,0,1,1,0,0,0,0,0,Lizette Colon
0,0,0,0,0,0,0,0,0,1,1,1,1,0,0,0,Jason L. Cook
0,0,0,0,0,0,0,0,0,1,1,1,1,1,1,0,Brian D. Dennis
0,0,0,0,0,0,0,0,0,1,1,1,1,1,1,1,Althea E. M. Drysdale
0,0,0,0,0,0,0,0,0,1,1,1,1,1,1,1,Curtis J. Farber
0,0,0,0,0,0,0,0,0,1,1,1,1,1,1,1,William A. Favreau
0,0,0,0,0,0,0,0,0,1,0,0,0,0,0,0,Lyle E. Frank
0,0,0,0,0,0,0,0,0,1,0,0,0,0,0,0,Alison M. Hamanjian
0,0,0,0,0,0,0,0,0,1,0,0,0,0,0,0,Richard M. Healy
0,0,0,0,0,0,0,0,0,1,1,1,1,1,1,1,Matthew G. Hughes
0,0,0,0,0,0,0,0,0,1,1,1,1,1,1,1,Karen Kerr
0,0,0,0,0,0,0,0,0,1,1,1,1,1,1,1,Paulette M. Kershko
0,0,0,0,0,0,0,0,0,1,0,0,0,0,0,0,Susan M. Kushner
0,0,0,0,0,0,0,0,0,1,1,1,1,1,1,1,Donald Leo
0,0,0,0,0,0,0,0,0,1,1,1,1,1,1,1,Tracy C. Mac Kenzie
0,0,0,0,0,0,0,0,0,1,1,1,1,1,1,0,Louis L. Nock
0,0,0,0,0,0,0,0,0,1,1,1,1,1,0,0,Paul Pelagalli
0,0,0,0,0,0,0,0,0,1,1,1,1,1,0,0,Richard Rivera
0,0,0,0,0,0,0,0,0,1,1,1,1,1,1,1,Catherine Rizzo
0,0,0,0,0,0,0,0,0,1,1,1,1,1,1,1,Gayle P. Roberts
0,0,0,0,0,0,0,0,0,1,1,1,1,1,0,0,Larry J. Schwartz
0,0,0,0,0,0,0,0,0,1,1,1,1,1,1,1,Anthony Senft Jr
0,0,0,0,0,0,0,0,0,1,1,1,1,1,1,1,Steven M. Statsinger
0,0,0,0,0,0,0,0,0,1,1,1,1,0,0,0,Craig S. Walker
0,0,0,0,0,0,0,0,0,1,1,1,0,0,0,0,Carolyn Walker Diallo
0,0,0,0,0,0,0,0,0,0,1,1,1,1,1,1,Suzanne J. Adams
0,0,0,0,0,0,0,0,0,0,1,1,0,0,0,0,Alan M. Beckoff
0,0,0,0,0,0,0,0,0,0,1,1,1,1,1,1,Mark W. Blanchfield
0,0,0,0,0,0,0,0,0,0,1,1,1,1,1,0,Stephen L. Braslow
0,0,0,0,0,0,0,0,0,0,1,0,0,0,0,0,Tracy A. Catapano Fox
0,0,0,0,0,0,0,0,0,0,1,1,1,1,1,1,Heidi C. Cesare
0,0,0,0,0,0,0,0,0,0,1,1,1,1,1,1,Sarah P. Cooper
0,0,0,0,0,0,0,0,0,0,1,1,1,1,0,0,Lyle E. Frank
0,0,0,0,0,0,0,0,0,0,1,1,0,0,0,0,Gregory L. Gliedman
0,0,0,0,0,0,0,0,0,0,1,1,1,1,1,1,Philip Goglas
0,0,0,0,0,0,0,0,0,0,1,1,0,0,0,0,Carol Goldstein
0,0,0,0,0,0,0,0,0,0,1,1,0,0,0,0,Connie Gonzalez
0,0,0,0,0,0,0,0,0,0,1,1,0,0,0,0,Patsy D. Gouldborne
0,0,0,0,0,0,0,0,0,0,1,1,1,1,1,1,Alison M. Hamanjian
0,0,0,0,0,0,0,0,0,0,1,1,1,1,1,1,Richard M. Healy
0,0,0,0,0,0,0,0,0,0,1,1,1,1,1,1,Laura R. Johnson
0,0,0,0,0,0,0,0,0,0,1,1,1,1,1,1,Susan M. Kushner
0,0,0,0,0,0,0,0,0,0,1,0,0,0,0,0,Timothy P. Mazzei
0,0,0,0,0,0,0,0,0,0,1,1,1,0,0,0,Lorna J. McAllister
0,0,0,0,0,0,0,0,0,0,1,1,1,1,1,0,Patrick F. McAllister
0,0,0,0,0,0,0,0,0,0,1,1,1,1,1,1,Kathryn S. Paek
0,0,0,0,0,0,0,0,0,0,1,1,1,1,1,1,Ronald D. Ploetz
0,0,0,0,0,0,0,0,0,0,1,1,1,0,0,0,Dakota D. Ramseur
0,0,0,0,0,0,0,0,0,0,1,1,1,1,1,1,Raymond Rodriguez
0,0,0,0,0,0,0,0,0,0,1,1,1,1,1,1,Michelle I. Schauer
0,0,0,0,0,0,0,0,0,0,1,1,1,1,1,1,J. Machelle Sweeting
0,0,0,0,0,0,0,0,0,0,1,1,1,1,1,1,Gilbert A. Taylor
0,0,0,0,0,0,0,0,0,0,1,1,0,0,0,0,James E. Walsh Jr
0,0,0,0,0,0,0,0,0,0,1,1,0,1,1,1,Cori H. Weston
0,0,0,0,0,0,0,0,0,0,1,1,0,0,0,0,Charles N. Zambito
0,0,0,0,0,0,0,0,0,0,0,1,1,1,1,1,Shahabuddeen A. Ally
0,0,0,0,0,0,0,0,0,0,0,1,1,1,1,1,Kevin M. Carter
0,0,0,0,0,0,0,0,0,0,0,1,1,1,1,1,John H. Crandall
0,0,0,0,0,0,0,0,0,0,0,1,1,1,1,1,Keshia J. Espinal
0,0,0,0,0,0,0,0,0,0,0,1,1,1,1,1,Caryn R. Fink
0,0,0,0,0,0,0,0,0,0,0,1,0,0,0,0,George F. Harkin
0,0,0,0,0,0,0,0,0,0,0,1,1,1,1,1,Michael G. Hayes
0,0,0,0,0,0,0,0,0,0,0,1,1,1,1,1,Lisa S. Headley
0,0,0,0,0,0,0,0,0,0,0,1,1,1,1,0,Stacey Romeo
0,0,0,0,0,0,0,0,0,0,0,1,0,0,0,0,Jonathan H. Shim
0,0,0,0,0,0,0,0,0,0,0,1,1,1,1,1,Frank A. Tantone
0,0,0,0,0,0,0,0,0,0,0,1,1,1,1,1,Joanne B. Watters
0,0,0,0,0,0,0,0,0,0,0,1,0,0,0,0,Ted M. Wilson
0,0,0,0,0,0,0,0,0,0,0,0,1,1,1,1,Angela J. Badamo
0,0,0,0,0,0,0,0,0,0,0,0,1,1,1,1,Mary L. Bejarano
0,0,0,0,0,0,0,0,0,0,0,0,1,1,1,1,Beth Beller
0,0,0,0,0,0,0,0,0,0,0,0,1,1,1,1,Ayesha K. Brantley
0,0,0,0,0,0,0,0,0,0,0,0,1,0,0,0,Lisa A. Cairo
0,0,0,0,0,0,0,0,0,0,0,0,1,1,1,1,Ariel D. Chesler
0,0,0,0,0,0,0,0,0,0,0,0,1,1,1,1,Phyllis Chu
0,0,0,0,0,0,0,0,0,0,0,0,1,1,1,1,James G. Clynes
0,0,0,0,0,0,0,0,0,0,0,0,1,1,1,1,Tara A. Collins
0,0,0,0,0,0,0,0,0,0,0,0,1,1,1,1,Claudia Daniels DePeyster
0,0,0,0,0,0,0,0,0,0,0,0,1,1,1,1,Abena Darkeh
0,0,0,0,0,0,0,0,0,0,0,0,1,0,0,0,Charlotte E. Davidson
0,0,0,0,0,0,0,0,0,0,0,0,1,1,1,1,Denise M. Dominguez
0,0,0,0,0,0,0,0,0,0,0,0,1,0,0,0,Cenceria P. Edwards
0,0,0,0,0,0,0,0,0,0,0,0,1,0,0,0,Jill R. Epstein
0,0,0,0,0,0,0,0,0,0,0,0,1,0,0,0,Patria Frias Colon
0,0,0,0,0,0,0,0,0,0,0,0,1,1,0,0,Michael A. Frishman
0,0,0,0,0,0,0,0,0,0,0,0,1,1,1,1,George E. Fufidio Jr
0,0,0,0,0,0,0,0,0,0,0,0,1,0,0,0,Fidel E. Gomez
0,0,0,0,0,0,0,0,0,0,0,0,1,1,1,1,Eugene M. Guarino
0,0,0,0,0,0,0,0,0,0,0,0,1,1,1,1,Victoria Gumbs
0,0,0,0,0,0,0,0,0,0,0,0,1,1,1,1,Josh E. Hanshaft
0,0,0,0,0,0,0,0,0,0,0,0,1,1,1,1,George F. Harkin
0,0,0,0,0,0,0,0,0,0,0,0,1,1,1,1,Darlene D'shon Harris
0,0,0,0,0,0,0,0,0,0,0,0,1,1,1,1,Robert J. Helbock Jr
0,0,0,0,0,0,0,0,0,0,0,0,1,1,1,0,Paul M. Hensley
0,0,0,0,0,0,0,0,0,0,0,0,1,1,1,1,Christopher E. Hoefenkrieg
0,0,0,0,0,0,0,0,0,0,0,0,1,0,0,0,Odessa Kennedy
0,0,0,0,0,0,0,0,0,0,0,0,1,1,1,1,Keith D. Kibler
0,0,0,0,0,0,0,0,0,0,0,0,1,1,1,1,Judy H. Kim
0,0,0,0,0,0,0,0,0,0,0,0,1,1,1,1,Michael D. Kitsis
0,0,0,0,0,0,0,0,0,0,0,0,1,0,0,0,Sabrina B. Kraus
0,0,0,0,0,0,0,0,0,0,0,0,1,1,1,1,Margaret W. Martin
0,0,0,0,0,0,0,0,0,0,0,0,1,1,1,1,James G. McAuliffe Jr
0,0,0,0,0,0,0,0,0,0,0,0,1,1,1,1,Joseph A. McCormack
0,0,0,0,0,0,0,0,0,0,0,0,1,1,1,1,Timothy P. McElduff Jr
0,0,0,0,0,0,0,0,0,0,0,0,1,1,1,1,Sara W. McGinty
0,0,0,0,0,0,0,0,0,0,0,0,1,1,1,1,Jennifer M. Noto
0,0,0,0,0,0,0,0,0,0,0,0,1,1,0,0,Phaedra F. Perry
0,0,0,0,0,0,0,0,0,0,0,0,1,1,1,1,Steven A. Pilewski
0,0,0,0,0,0,0,0,0,0,0,0,1,1,1,1,Barry L. Porsch
0,0,0,0,0,0,0,0,0,0,0,0,1,1,1,1,Raja Rajeswari
0,0,0,0,0,0,0,0,0,0,0,0,1,1,1,1,Jeffrey Rosenblueth
0,0,0,0,0,0,0,0,0,0,0,0,1,1,0,0,Andrea H. Schiavoni
0,0,0,0,0,0,0,0,0,0,0,0,1,0,0,0,Myrna M. Socorro
0,0,0,0,0,0,0,0,0,0,0,0,1,1,1,1,Joseph J. Spofford Jr
0,0,0,0,0,0,0,0,0,0,0,0,1,1,0,0,Leslie A. Stroth
0,0,0,0,0,0,0,0,0,0,0,0,1,0,0,0,Ann D. Thompson
0,0,0,0,0,0,0,0,0,0,0,0,1,1,1,1,Kevin G. Vanallen
0,0,0,0,0,0,0,0,0,0,0,0,1,1,1,1,Frances Y. Wang
0,0,0,0,0,0,0,0,0,0,0,0,1,1,1,1,Elizabeth N. Warin
0,0,0,0,0,0,0,0,0,0,0,0,1,1,0,0,Kathleen C. Waterman
0,0,0,0,0,0,0,0,0,0,0,0,1,1,1,1,Ted M. Wilson
0,0,0,0,0,0,0,0,0,0,0,0,0,1,0,0,Tamiko A. Amaker
0,0,0,0,0,0,0,0,0,0,0,0,0,1,1,0,Rupert V. Barry
0,0,0,0,0,0,0,0,0,0,0,0,0,1,0,0,Sharon A. B. Clarke
0,0,0,0,0,0,0,0,0,0,0,0,0,1,0,0,Sherri J. Brooks Morton
0,0,0,0,0,0,0,0,0,0,0,0,0,1,1,1,Julie A. Cecile
0,0,0,0,0,0,0,0,0,0,0,0,0,1,1,1,Michael L. Dollinger
0,0,0,0,0,0,0,0,0,0,0,0,0,1,1,1,James R. Farrell
0,0,0,0,0,0,0,0,0,0,0,0,0,1,1,1,Rhonda E. Fischer
0,0,0,0,0,0,0,0,0,0,0,0,0,1,0,0,Rachel Freier
0,0,0,0,0,0,0,0,0,0,0,0,0,1,1,1,Eileen J. Goggin
0,0,0,0,0,0,0,0,0,0,0,0,0,1,1,0,Alfred C. Graf
0,0,0,0,0,0,0,0,0,0,0,0,0,1,1,1,Danielle L. Hartman
0,0,0,0,0,0,0,0,0,0,0,0,0,1,0,0,E. Danielle Jose Decker
0,0,0,0,0,0,0,0,0,0,0,0,0,1,1,1,Amy E. Joyce
0,0,0,0,0,0,0,0,0,0,0,0,0,1,1,1,Kristina A. Karle
0,0,0,0,0,0,0,0,0,0,0,0,0,1,1,1,Amy J. Knussman
0,0,0,0,0,0,0,0,0,0,0,0,0,1,1,1,James W. Malone
0,0,0,0,0,0,0,0,0,0,0,0,0,1,1,1,Jeffrey C. Martin
0,0,0,0,0,0,0,0,0,0,0,0,0,1,1,1,Alecia J. Mazzo
0,0,0,0,0,0,0,0,0,0,0,0,0,1,1,1,Emily Morales Minerva
0,0,0,0,0,0,0,0,0,0,0,0,0,1,1,1,David A. Morris
0,0,0,0,0,0,0,0,0,0,0,0,0,1,1,1,Herbert J. Moses
0,0,0,0,0,0,0,0,0,0,0,0,0,1,1,1,Nicholas W. Moyne
0,0,0,0,0,0,0,0,0,0,0,0,0,1,1,1,Wanda Y. Negron
0,0,0,0,0,0,0,0,0,0,0,0,0,1,1,1,Colin F. O'Donnell
0,0,0,0,0,0,0,0,0,0,0,0,0,1,1,0,Stacy L. Pettit
0,0,0,0,0,0,0,0,0,0,0,0,0,1,1,1,Robert J. Prisco
0,0,0,0,0,0,0,0,0,0,0,0,0,1,1,0,Matthew P. Raso
0,0,0,0,0,0,0,0,0,0,0,0,0,1,1,1,Fatimat O. Reid
0,0,0,0,0,0,0,0,0,0,0,0,0,1,0,0,John F. Reilly
0,0,0,0,0,0,0,0,0,0,0,0,0,1,1,0,Alan J. Schiff
0,0,0,0,0,0,0,0,0,0,0,0,0,1,1,1,Eric B. Schumacher
0,0,0,0,0,0,0,0,0,0,0,0,0,1,1,1,Robert A. Smith
0,0,0,0,0,0,0,0,0,0,0,0,0,1,1,1,Audrey E. Stone
0,0,0,0,0,0,0,0,0,0,0,0,0,1,1,0,Rachel E. Tanguay
0,0,0,0,0,0,0,0,0,0,0,0,0,1,1,1,Mary M. Tarantelli
0,0,0,0,0,0,0,0,0,0,0,0,0,1,1,0,Elizabeth M. Walsh
0,0,0,0,0,0,0,0,0,0,0,0,0,1,1,1,Joy M. Watson
0,0,0,0,0,0,0,0,0,0,0,0,0,1,1,1,Karen M. Wilutis
0,0,0,0,0,0,0,0,0,0,0,0,0,1,1,1,Caroline Wojtaszek
0,0,0,0,0,0,0,0,0,0,0,0,0,1,1,1,Mark H. Young
0,0,0,0,0,0,0,0,0,0,0,0,0,1,1,1,Jeffrey M. Zimmerman
0,0,0,0,0,0,0,0,0,0,0,0,0,0,1,1,Andra Ackerman
0,0,0,0,0,0,0,0,0,0,0,0,0,0,1,1,Deepa Ambekar
0,0,0,0,0,0,0,0,0,0,0,0,0,0,1,1,Maria Aragona
0,0,0,0,0,0,0,0,0,0,0,0,0,0,1,1,Chad W. Brown
0,0,0,0,0,0,0,0,0,0,0,0,0,0,1,1,Jon E. Budelmann
0,0,0,0,0,0,0,0,0,0,0,0,0,0,1,1,Craig P. Carriero
0,0,0,0,0,0,0,0,0,0,0,0,0,0,1,1,Melissa L. Cianfrini
0,0,0,0,0,0,0,0,0,0,0,0,0,0,1,1,Ashlee Y. Crawford
0,0,0,0,0,0,0,0,0,0,0,0,0,0,1,1,Michael G. Dayian
0,0,0,0,0,0,0,0,0,0,0,0,0,0,1,1,Jessica I. Flores
0,0,0,0,0,0,0,0,0,0,0,0,0,0,1,1,Joseph B. Girardi
0,0,0,0,0,0,0,0,0,0,0,0,0,0,1,1,Erik L. Gray
0,0,0,0,0,0,0,0,0,0,0,0,0,0,1,1,Michael J. Hartofilis
0,0,0,0,0,0,0,0,0,0,0,0,0,0,1,1,Jerry M. Iannece
0,0,0,0,0,0,0,0,0,0,0,0,0,0,1,1,Jeanine R. Johnson
0,0,0,0,0,0,0,0,0,0,0,0,0,0,1,1,E. Danielle Jose Decker
0,0,0,0,0,0,0,0,0,0,0,0,0,0,1,1,Hasa A. Kingo
0,0,0,0,0,0,0,0,0,0,0,0,0,0,1,0,Claudia Lanzetta
0,0,0,0,0,0,0,0,0,0,0,0,0,0,1,1,William T. Little
0,0,0,0,0,0,0,0,0,0,0,0,0,0,1,0,Lumarie Maldonado Cruz
0,0,0,0,0,0,0,0,0,0,0,0,0,0,1,1,Marisol Martinez Alonso
0,0,0,0,0,0,0,0,0,0,0,0,0,0,1,1,Anthony R. Mole
0,0,0,0,0,0,0,0,0,0,0,0,0,0,1,1,Derefim B. Neckles
0,0,0,0,0,0,0,0,0,0,0,0,0,0,1,1,Edwin I. Novillo
0,0,0,0,0,0,0,0,0,0,0,0,0,0,1,0,Adam D. Perlmutter
0,0,0,0,0,0,0,0,0,0,0,0,0,0,1,1,Kim Petersen
0,0,0,0,0,0,0,0,0,0,0,0,0,0,1,1,Mary E. Porter
0,0,0,0,0,0,0,0,0,0,0,0,0,0,1,1,Verena C. Powell
0,0,0,0,0,0,0,0,0,0,0,0,0,0,1,1,Sarah Rakov
0,0,0,0,0,0,0,0,0,0,0,0,0,0,1,0,Brenda L. Rivera
0,0,0,0,0,0,0,0,0,0,0,0,0,0,1,0,Christopher J. Robles
0,0,0,0,0,0,0,0,0,0,0,0,0,0,1,1,Bryan E. Rounds
0,0,0,0,0,0,0,0,0,0,0,0,0,0,1,1,Jennifer G. Sober
0,0,0,0,0,0,0,0,0,0,0,0,0,0,1,1,Seth A. Steed
0,0,0,0,0,0,0,0,0,0,0,0,0,0,1,1,Aija Tingling
0,0,0,0,0,0,0,0,0,0,0,0,0,0,1,1,Richard A. Tsai
0,0,0,0,0,0,0,0,0,0,0,0,0,0,1,1,Karen B. Turner
0,0,0,0,0,0,0,0,0,0,0,0,0,0,1,0,Meredith A. Vacca
0,0,0,0,0,0,0,0,0,0,0,0,0,0,1,1,Zhuo Wang
0,0,0,0,0,0,0,0,0,0,0,0,0,0,1,1,Kerry J. Ward
0,0,0,0,0,0,0,0,0,0,0,0,0,0,1,1,Kathleen C. Waterman
0,0,0,0,0,0,0,0,0,0,0,0,0,0,0,1,Giyang An
0,0,0,0,0,0,0,0,0,0,0,0,0,0,0,1,Germaine Auguste
0,0,0,0,0,0,0,0,0,0,0,0,0,0,0,1,Matthew P. Blum
0,0,0,0,0,0,0,0,0,0,0,0,0,0,0,1,Eugene D. Bowen
0,0,0,0,0,0,0,0,0,0,0,0,0,0,0,1,Keith E. Brown
0,0,0,0,0,0,0,0,0,0,0,0,0,0,0,1,Linda M. Capitti
0,0,0,0,0,0,0,0,0,0,0,0,0,0,0,1,Taisha L. Chambers
0,0,0,0,0,0,0,0,0,0,0,0,0,0,0,1,Christopher Chin
0,0,0,0,0,0,0,0,0,0,0,0,0,0,0,1,Keith J. Cornell
0,0,0,0,0,0,0,0,0,0,0,0,0,0,0,1,Ben Darvil Jr
0,0,0,0,0,0,0,0,0,0,0,0,0,0,0,1,Leroy A. D'Souza
0,0,0,0,0,0,0,0,0,0,0,0,0,0,0,1,Alicea Elloras Ally
0,0,0,0,0,0,0,0,0,0,0,0,0,0,0,1,Michael J. Gaffey
0,0,0,0,0,0,0,0,0,0,0,0,0,0,0,1,Jeffrey A. Gershuny
0,0,0,0,0,0,0,0,0,0,0,0,0,0,0,1,Deral D. Givens
0,0,0,0,0,0,0,0,0,0,0,0,0,0,0,1,Jeffrey A. Goodstein
0,0,0,0,0,0,0,0,0,0,0,0,0,0,0,1,Ira R. Greenberg
0,0,0,0,0,0,0,0,0,0,0,0,0,0,0,1,Julie M. Hahn
0,0,0,0,0,0,0,0,0,0,0,0,0,0,0,1,Michael J. Hartnett
0,0,0,0,0,0,0,0,0,0,0,0,0,0,0,1,Carolina Holderness
0,0,0,0,0,0,0,0,0,0,0,0,0,0,0,1,Cynthia Isales
0,0,0,0,0,0,0,0,0,0,0,0,0,0,0,1,Biju J. Koshy
0,0,0,0,0,0,0,0,0,0,0,0,0,0,0,1,Michelle H. Ladouceur
0,0,0,0,0,0,0,0,0,0,0,0,0,0,0,1,Melissa T. Lewis
0,0,0,0,0,0,0,0,0,0,0,0,0,0,0,1,Sara R. Litman
0,0,0,0,0,0,0,0,0,0,0,0,0,0,0,1,Ilana J. Marcus
0,0,0,0,0,0,0,0,0,0,0,0,0,0,0,1,Ryan T. McAllister
0,0,0,0,0,0,0,0,0,0,0,0,0,0,0,1,Peter R. Mcgreevy
0,0,0,0,0,0,0,0,0,0,0,0,0,0,0,1,Scott A. Miller
0,0,0,0,0,0,0,0,0,0,0,0,0,0,0,1,Valentina M. Morales
0,0,0,0,0,0,0,0,0,0,0,0,0,0,0,1,Carmen A. Pacheco
0,0,0,0,0,0,0,0,0,0,0,0,0,0,0,1,Eunhai G. Park
0,0,0,0,0,0,0,0,0,0,0,0,0,0,0,1,Peter J. Passidomo
0,0,0,0,0,0,0,0,0,0,0,0,0,0,0,1,Archana Rao
0,0,0,0,0,0,0,0,0,0,0,0,0,0,0,1,Frank B. Revoir Jr
0,0,0,0,0,0,0,0,0,0,0,0,0,0,0,1,Jacqueline Ricciani
0,0,0,0,0,0,0,0,0,0,0,0,0,0,0,1,Devin R. Robinson
0,0,0,0,0,0,0,0,0,0,0,0,0,0,0,1,Krishna K. Singh
0,0,0,0,0,0,0,0,0,0,0,0,0,0,0,1,Mary K. Smith
0,0,0,0,0,0,0,0,0,0,0,0,0,0,0,1,Michael G. St Leger
0,0,0,0,0,0,0,0,0,0,0,0,0,0,0,1,Jonathan H. Svetkey
0,0,0,0,0,0,0,0,0,0,0,0,0,0,0,1,Arthur B. Williams Jr
